<?xml version="1.0" encoding="UTF-8" standalone="yes"?>
<addon id="script.EzMusic.io" name="EzMusic.io" version="1.0.2" provider-name="zag">
	<requires>
		<import addon="xbmc.python" version="2.14.0"/>
	</requires>
	<extension point="xbmc.python.script" library="addon.py">
		<provides>executable</provides>
	</extension>
	<extension point="xbmc.addon.metadata">
		<platform>all</platform>
		<summary lang="en">EzMusic.io</summary>
		<description lang="en">Official EzMusic.io for Kodi Addon</description>
		<license></license>
		<language>english</language>
		<forum>http://forum.kodi.tv/showthread.php?tid=209948</forum>
		<source>https://github.com/TurquoiseTNT/script.EzMusic.io</source>
		<website>Kodi.tv</website>
		<email></email>
		<assets>
			<icon>icon.png</icon>
			<fanart>fanart.jpg</fanart>
			<screenshot>resources/screenshot-01.jpg</screenshot>
			<screenshot>resources/screenshot-02.jpg</screenshot>
			<screenshot>resources/screenshot-03.jpg</screenshot>
		</assets>
		<news>Updated the addon to use new addon.xml metadata</news>
	</extension>
</addon>
